"","MU","plot","easting","northing","biomass.mg.ha","stocking.stems.ha","diameter.class.cm","basal.area.m2.ha","gross.growth.mg.ha.y"
"1"," 10",11,529698.61,4966332.67,96.35,5453,4.8,22,2.77
"2"," 10",13,529777.31,4966470.67,115.7,2629,6.9,23.2,3.19
"3"," 10",21,529774.31,4966265.03,121.58,3385,6.1,23,3.71
"4"," 10",22,529814.04,4966335.76,71.97,7742,3.1,16.1,2.39
"5"," 10",23,529850.24,4966402.02,122.26,7980,4.7,29.2,3.81
"6"," 10",24,529899.49,4966467.24,85.85,10047,1.6,19.1,2.53
"7"," 10",31,529868.04,4966229.14,70.58,5039,4.1,14.1,1.67
"8"," 10",32,529907.69,4966299.98,136.3,5831,5.2,27.4,3.72
"9"," 10",33,529945.45,4966370.69,90.45,2505,5.7,21.6,3.66
"10"," 10",34,529985.04,4966440.09,61.75,7325,3.3,15,1.39
"11"," 11",11,529875.89,4966646.64,NA,NA,NA,NA,NA
"12"," 11",12,529915.31,4966718.26,NA,NA,NA,NA,NA
"13"," 11",13,529958.36,4966788.66,NA,NA,NA,NA,NA
"14"," 11",14,529999.36,4966857.73,144.81,797,8.4,29.2,2.35
"15"," 11",22,529979.73,4966629.46,93.13,520,8.5,19.5,0.69
"16"," 11",23,530021.6,4966699.53,107.78,1059,7.7,21.8,1.45
"17"," 11",24,530063.29,4966772.05,56.27,746,6.9,13.2,0.68
"18"," 11",32,530095.64,4966631.23,130.43,727,9.1,25.2,2.45
"19"," 11",33,530137.9,4966702.08,108.16,589,9.3,19.2,2.36
"20"," 12",11,530047.16,4966927.49,89.69,4857,4.3,20.9,3.22
"21"," 12",12,530092.78,4967004.36,144.08,4489,5.3,30,2.32
"22"," 12",13,530134.94,4967078.76,114.53,15740,2.5,30.7,4.77
"23"," 12",14,530174.72,4967155.04,178.79,6165,5,38,3.49
"25"," 12",21,530147.26,4966896.19,152.93,1900,7.4,32.1,1.54
"26"," 12",22,530190.06,4966968.15,137.63,2329,7,25.4,2.38
"27"," 12",23,530233.24,4967044.9,133.68,4826,4.9,31.3,4.28
"28"," 12",31,530210.27,4966804.28,127.07,2228,7,25.9,1.62
"29"," 12",32,530253.69,4966880.14,122.09,9567,3.5,29.4,3.14
"30"," 12",33,530296.32,4966955.77,115.4,5881,4.2,26.8,4.04
"31"," 12",41,530313.94,4966789,77.84,1724,6,17.1,0.91
"32"," 12",42,530357.11,4966865.74,77.58,9297,2.6,20.3,3.52
"33"," 12",43,530401.25,4966939.16,137.23,6787,4.4,31.3,4.17
"34"," 13",11,530365.97,4966713.93,86.74,4729,5.3,19.4,4.05
"35"," 13",12,530385.24,4966748.23,80.85,3892,5.2,19.1,3.84
"36"," 13",13,530406.49,4966783.99,72.34,6114,3.5,18,5.2
"37"," 13",14,530426.38,4966821.08,88.99,1924,6.1,20.6,4.2
"38"," 13",21,530457.41,4966710.14,105.05,2665,6,25.6,2.95
"39"," 13",22,530485.3,4966759.82,78.3,10516,3.2,23.6,4.71
"40"," 13",23,530504.73,4966795.79,96.15,19376,2.3,28.7,5.1
"41"," 13",24,530535.06,4966848.15,116.57,6194,3.9,25.4,5.46
"42"," 13",25,530554.02,4966883.12,162.74,15360,2.8,39.1,6.48
"43"," 13",26,530603.3,4966970.33,115.7,8537,3.5,31.1,5.07
"44"," 13",31,530505.97,4966633.61,64.56,5609,3.6,17.5,5.01
"45"," 13",32,530527.22,4966669.48,83.89,4284,4.4,21.1,5.07
"46"," 13",33,530565.21,4966739.42,82.2,7629,3.2,20.6,6.17
"47"," 13",34,530583.14,4966774.84,98.84,3102,5.8,21.6,4.29
"48"," 13",35,530645.06,4966878.33,110.05,7097,3.6,24.7,5.65
"49"," 13",36,530674.76,4966932.02,55.87,2015,5.1,13.3,3.87
"50"," 13",41,530559.52,4966605.54,95.22,19391,2,28,7.48
"51"," 13",42,530589.78,4966657.89,98.64,18970,2.1,29.6,6.77
"52"," 13",43,530607.55,4966691.53,70.43,6640,3,16.3,4.78
"53"," 13",44,530627.62,4966726.06,148.59,3539,5.8,26.7,5.17
"54"," 13",45,530648.07,4966761.59,117.44,10040,3.2,26.8,8.12
"55"," 13",51,530622.96,4966591.73,121.38,10143,3.1,31.1,6.01
"56"," 13",52,530650.13,4966645.29,109.11,10418,2.9,27.3,3.8
"57"," 13",53,530680.38,4966697.65,117.72,4017,4.6,24.2,5.84
"58"," 13",61,530723.18,4966605.1,83.59,4742,4,19.1,4.56
"59"," 14",11,530109.01,4966459.44,NA,NA,NA,NA,NA
"60"," 14",12,530149.85,4966529.17,NA,NA,NA,NA,NA
"61"," 14",13,530192.28,4966598.25,NA,NA,NA,NA,NA
"62"," 14",14,530234.44,4966671.54,NA,NA,NA,NA,NA
"63"," 14",21,530218.44,4966445.07,NA,NA,NA,NA,NA
"64"," 14",22,530261.17,4966516.7,108.43,418,9.2,20.8,7.91
"65"," 14",23,530296.43,4966579.3,NA,NA,NA,NA,NA
"66"," 14",24,530339.31,4966652.26,163.52,433,10.8,29.4,5.64
"67"," 14",31,530289.32,4966361.64,NA,NA,NA,NA,NA
"68"," 14",32,530331.5,4966433.16,NA,NA,NA,NA,NA
"69"," 14",33,530372.97,4966503.01,NA,NA,NA,NA,NA
"70"," 14",34,530414.35,4966574.85,NA,NA,NA,NA,NA
"71"," 14",35,530444.82,4966631.32,NA,NA,NA,NA,NA
"72"," 15",11,530390.73,4966306.69,63.36,8092,3,19.3,5
"73"," 15",12,530411.74,4966342.11,55.08,4873,3.5,14.9,3.45
"74"," 15",13,530448.87,4966410.61,28.41,1759,4.6,7.9,2.29
"75"," 15",14,530509.39,4966513.43,31.54,2654,3.9,8.9,2.42
"76"," 15",15,530539.87,4966568.67,38.47,3443,3.7,11.7,2.89
"77"," 15",21,530435.86,4966306.13,66.23,4126,3.9,19.2,6.18
"78"," 15",22,530476.79,4966372.75,59.27,1270,6.6,14.4,2.38
"79"," 15",23,530516.76,4966442.26,45.17,2359,4.7,12.3,3.42
"80"," 15",24,530536.97,4966479.9,70.32,8021,3.1,21.3,4.29
"81"," 15",25,530565.25,4966530.69,NA,NA,NA,NA,NA
"82"," 15",31,530494.93,4966246.42,36.82,5117,3,11.1,4.61
"83"," 15",32,530514.85,4966279.51,39.29,4876,3.2,12.1,4.94
"84"," 15",33,530563.9,4966366.17,19.08,484,6.6,4.4,3.96
"85"," 15",34,530625.43,4966473.21,62.23,6816,3,20.4,3.9
"86"," 15",35,530647.63,4966507.09,45.53,4597,3.2,14.1,4.35
"87"," 15",41,530558.21,4966233.83,63.62,1597,5.8,17.2,3.66
"88"," 15",42,530599.3,4966301.79,58.35,14966,2.1,20.1,5.78
"89"," 15",43,530649.29,4966391.35,62.18,6149,3.5,18,4.91
"90"," 15",44,530669.2,4966424.54,49.11,3899,3.7,13.9,4.08
"91"," 15",45,530698.97,4966478.23,53.26,4206,4.4,14.9,4.52
"92"," 16",11,530065.81,4966369.15,113.55,2785,6.1,24.7,4.55
"93"," 16",12,530028.13,4966299.98,122.68,4231,5.4,25.6,3.5
"94"," 16",21,530135.29,4966364.47,155.35,1602,8,30.2,2.82
"95"," 16",22,530093.43,4966293.74,166.86,10312,3.9,35.9,3.16
"96"," 16",23,530054.72,4966223.46,93.02,3107,5.3,20.6,2.4
"97"," 16",31,530190.75,4966334.3,125.43,654,9,25.8,3.03
"98"," 16",32,530149.83,4966264.78,110.09,2640,6.1,24.1,3.22
"99"," 16",34,530099.68,4966174.46,105.51,1271,7.2,20.6,2.45
"100"," 16",41,530227.42,4966316.81,126.44,2417,6.7,24.9,3.72
"101"," 16",42,530184.46,4966244.95,135.94,958,8.3,26.3,3.45
"102"," 16",43,530160.4,4966200.85,90.93,2030,6.4,18.9,3.18
"103"," 16",44,530134.14,4966155.07,106.39,1152,7.1,22.5,2.48
"104"," 16",45,530096.91,4966089.46,145.53,9312,4.1,37.2,4.12
"105"," 16",51,530276.26,4966316.92,133.42,2148,7.2,26.4,2.2
"106"," 16",52,530249.68,4966272.36,127.1,1441,8.1,25.5,2.53
"107"," 16",53,530208.2,4966202.52,158.06,1156,9.1,31.1,3.38
"108"," 16",54,530184.3,4966160.64,106.81,6346,4.1,24,2.59
"109"," 16",55,530158.59,4966115.08,138.43,1826,7,28.5,4.1
"110"," 16",56,530132.17,4966069.86,172.3,1719,7.2,36.2,3.48
"111"," 17",11,530357.67,4966279.43,130.8,12913,3.1,32.5,4.27
"112"," 17",12,530318.56,4966210.7,131.71,6684,4.9,28.9,0.28
"113"," 17",13,530278.83,4966140.31,112.19,15730,2.4,28.4,0.8
"114"," 17",14,530239.17,4966071.36,126.37,3872,5.8,28.4,2.87
"115"," 17",15,530200.23,4965998.75,116.3,8889,3.7,26.3,3.23
"116"," 17",21,530425.08,4966195.43,121.93,11387,3.4,30.9,3.09
"117"," 17",22,530384.09,4966123.36,111.14,8675,3.8,23.4,1.28
"118"," 17",23,530343.79,4966056.08,156.49,7080,4.4,29.6,4.91
"119"," 17",24,530304.31,4965983.24,112.96,2325,7,22.1,3.31
"120"," 17",31,530536.18,4966179.96,NA,NA,NA,NA,NA
"121"," 17",32,530495.51,4966108.67,82.16,1847,6.4,17,1.89
"122"," 17",33,530451.9,4966038.15,86.17,13094,2.6,23.1,3.48
"123"," 17",34,530413.59,4965968.98,88.38,1559,7,17.4,2.48
"124"," 17",35,530374.16,4965901.37,81.62,5849,3.9,22,1.73
"125"," 18",11,529990.15,4965616.29,138.72,1481,8,28.9,2.07
"126"," 18",12,530056.48,4965661.48,93.38,2063,7.6,19.8,0.83
"127"," 18",13,530108.4,4965695.83,45.06,1395,6.7,10,0.17
"128"," 18",14,530160.46,4965733.73,85.38,1456,6.6,15.2,1.2
"129"," 18",21,530054.21,4965589.15,91.43,1193,7.4,20.2,1.28
"130"," 18",22,530091.95,4965614.1,147.68,1048,8.2,29.4,2.1
"131"," 18",23,530125.52,4965635.48,113.95,1354,9.1,21.4,1.85
"132"," 18",24,530158.2,4965659.29,134.35,1474,8.5,24,2.89
"133"," 18",31,530045.3,4965535.45,138.86,753,9.6,26.3,2.36
"134"," 18",32,530113.45,4965579.88,118.31,1099,7.5,23.4,2.18
"135"," 18",33,530164.65,4965616.11,153.72,885,8.9,28,1.41
"136"," 18",34,530199.55,4965640.04,69.68,1787,6.4,12.5,2.07
"137"," 18",41,530095.1,4965498.92,136.76,887,8.2,29.8,1.87
"138"," 18",42,530133.7,4965525.65,117.04,1062,7.6,24.7,2.34
"139"," 18",43,530162.6,4965547.45,129.2,963,7.5,27.8,2.16
"140"," 18",44,530195.92,4965571.6,146.63,1018,8.2,30,2.23
"141"," 18",51,530120.46,4965466.71,135.93,1282,7.3,29.2,2.26
"142"," 18",52,530170.57,4965499.72,35.41,638,6.4,7.6,1.06
"143"," 18",53,530228.3,4965543.31,129.94,1124,8.5,24.1,2.07
"144"," 18",61,530144.95,4965434.94,167.7,864,8.6,32,2.44
"145"," 18",62,530194.49,4965471.39,117.61,719,8.4,24.7,1.95
"146"," 18",63,530245.31,4965504.51,132.68,952,7.9,27.6,2.22
"147"," 19",12,530233.53,4965406.26,NA,NA,NA,NA,NA
"148"," 19",13,530269.46,4965429.31,NA,NA,NA,NA,NA
"149"," 19",14,530374.8,4965514.57,NA,NA,NA,NA,NA
"150"," 19",21,530210.51,4965291.84,NA,NA,NA,NA,NA
"151"," 19",22,530264.48,4965328.31,NA,NA,NA,NA,NA
"152"," 19",23,530297.41,4965351.24,NA,NA,NA,NA,NA
"153"," 19",24,530397.88,4965431.91,NA,NA,NA,NA,NA
"154"," 19",31,530234.62,4965258.29,NA,NA,NA,NA,NA
"155"," 19",32,530269.69,4965279.56,NA,NA,NA,NA,NA
"156"," 19",33,530336.49,4965327.2,NA,NA,NA,NA,NA
"157"," 19",34,530373.52,4965351.37,NA,NA,NA,NA,NA
"158"," 19",41,530268.61,4965207.02,NA,NA,NA,NA,NA
"159"," 19",42,530320.29,4965241.37,NA,NA,NA,NA,NA
"160"," 19",43,530388.04,4965288.46,NA,NA,NA,NA,NA
"161"," 19",44,530440.56,4965331.25,NA,NA,NA,NA,NA
"162"," 19",51,530291.14,4965171.58,NA,NA,NA,NA,NA
"163"," 19",52,530346.93,4965207.17,NA,NA,NA,NA,NA
"164"," 19",53,530397.99,4965241.29,NA,NA,NA,NA,NA
"165"," 19",54,530463.66,4965291.92,NA,NA,NA,NA,NA
"166"," 19",61,530332.91,4965148.45,NA,NA,NA,NA,NA
"167"," 19",62,530366.56,4965169.27,NA,NA,NA,NA,NA
"168"," 19",63,530436.36,4965217.03,NA,NA,NA,NA,NA
"169"," 20",11,528324.43,4967437.88,163.18,3426,6.2,32.3,3.58
"170"," 20",12,528343.7,4967473.73,171.07,4807,6.1,34.6,3.17
"171"," 20",13,528375.23,4967525.97,111.55,3817,5.1,25.8,4.58
"172"," 20",21,528378.12,4967409.23,154.26,3360,6.3,31.8,3.46
"173"," 20",22,528406.03,4967458.68,199.01,2143,7.6,36.9,3.65
"174"," 20",23,528439.69,4967512.37,135.52,8656,4,33.3,6.76
"175"," 20",31,528448.26,4967413.54,91.39,7111,4.2,26.8,3.07
"176"," 20",32,528478.29,4967465.89,110.9,3560,5.4,25.3,3.81
"177"," 20",33,528497.66,4967499.52,98.96,4469,4.6,24.7,3.34
"178"," 20",34,528517.02,4967533.82,142.9,6743,4.6,31.8,4.81
"179"," 20",35,528537.72,4967568.91,120.48,6529,4.2,29.9,4.86
"180"," 20",41,528507.7,4967355.6,158.44,22095,2.7,44.9,6.83
"181"," 20",42,528526.98,4967390.67,101.2,5531,4.8,24.7,1.7
"182"," 20",43,528555.67,4967442.24,96.27,10536,3,28.3,3.92
"183"," 20",44,528585.69,4967494.47,103.97,15652,2.5,25.4,4.12
"184"," 20",45,528617.22,4967546.04,98.66,10083,3.2,26.8,4.26
"185"," 20",51,528542.78,4967338.42,115.99,3570,5.5,25.5,2.19
"186"," 20",52,528602.92,4967440,102.27,2889,6.1,23.1,1.53
"187"," 20",53,528622.92,4967473.75,59.57,11150,2.3,15.4,1.65
"188"," 20",54,528642.99,4967509.5,81.65,15192,2.4,24.3,4.24
"189"," 20",55,528682.33,4967579.66,123.35,4334,5.4,28.3,2.87
"190"," 21",13,528872.77,4967309.02,145.15,15658,3.5,41.6,2.82
"191"," 21",15,528792.57,4967170.13,129.15,7078,5,32.9,2.24
"192"," 21",23,528796.87,4967374.88,125.42,12011,3.7,38.1,2.76
"193"," 21",24,528756.81,4967304.72,169.82,19566,3.3,53.1,5.77
"194"," 21",25,528717.44,4967237.45,145.54,7869,4.8,40.3,2.73
"195"," 21",31,528779.74,4967546.77,118.5,16944,3.1,35.3,2.88
"196"," 21",32,528738.89,4967476.6,78.38,7091,4,23.3,2.99
"197"," 21",33,528698.84,4967404.99,153.12,19538,3.2,47,4.9
"198"," 21",34,528658.77,4967335.5,131.64,9990,4.3,37.2,3.76
"199"," 21",35,528619.34,4967266.78,145.9,9046,4.3,40,3.9
"200"," 22",11,528635.08,4967191.64,57.11,13925,1.7,17.2,5.25
"201"," 22",12,528602.86,4967135.07,38.69,12030,1.7,15.5,3.42
"202"," 22",13,528581.44,4967101.43,29.08,10046,1.6,11.3,4.55
"203"," 22",14,528539.92,4967038.48,34.22,11894,1.4,13.4,5.2
"204"," 22",21,528481.93,4967251.73,69.01,10204,2.4,20.3,5.98
"205"," 22",22,528419.63,4967152.25,69.89,14902,1.9,23.5,6.36
"206"," 22",23,528393.16,4967099.26,88.22,5079,4.1,22.8,3.74
"207"," 22",24,528372.37,4967064.95,84.35,25795,1.6,29.3,8.57
"208"," 22",31,528373.77,4967268.24,58.71,9464,2.4,18.5,5.03
"209"," 22",32,528353.06,4967234.6,99.56,11397,3,28.3,5.74
"210"," 22",33,528333.7,4967199.53,76.38,13095,2.3,24.6,3.92
"211"," 22",34,528285.72,4967114.33,37.25,4859,2.8,10.9,3.75
"212"," 22",41,528341.57,4967330.53,68.83,6555,3.1,19.9,4.62
"213"," 22",42,528321.57,4967297.56,60.76,5383,3.5,17.8,4.08
"214"," 22",43,528303.62,4967265.38,107.86,22552,2.3,37.1,7.37
"215"," 22",44,528242.75,4967164.47,62.45,8544,2.8,19.9,3.13
"216"," 22",51,528306.47,4967352.04,102.67,9169,3.5,28.3,4.63
"217"," 22",52,528287.19,4967317.63,113.11,4113,5.3,29.8,3.98
"218"," 22",53,528249.96,4967249.59,11.57,4205,1.7,4.3,0.64
"219"," 22",54,528220.56,4967198.03,35.04,12301,1.5,12.5,3.33
"220","23A",33,528814.07,4966973.94,124.24,11638,3.6,35.2,2.69
"221","23A",41,528843.04,4966823.55,NA,NA,NA,NA,NA
"222","23A",42,528882.09,4966888.82,82.61,10501,3.1,24.9,1.6
"223","23A",62,528823.56,4966885,NA,NA,NA,NA,NA
"224","23A",65,528733.09,4967095.33,113.03,10971,3.6,32.7,1.29
"225","23A",71,528893.65,4966779.78,112.22,6214,4.5,29,2.06
"226","23A",73,528796.44,4966800.67,126.43,4447,5.4,31.6,3.99
"227","23A",75,528833.75,4967025.24,102.17,10674,3.5,30,4.27
"228","23A",82,528835.97,4966935.82,102.72,4608,4.9,28,3.38
"229","23A",84,528773.26,4967036.52,101.62,6968,4,29.8,1.55
"230","23B",14,528684.53,4967160.09,148.24,15299,3.4,50.3,2.66
"231","23B",21,528646.55,4966888.1,146.67,4754,5.2,35.9,4.24
"232","23B",22,528684.48,4966957.47,148.05,15074,3.8,50.3,4.03
"233","23B",23,528726.77,4967024.09,171.33,13946,4,55.5,5.25
"234","23B",31,528733.22,4966837.27,146.38,10160,4,43.5,3.4
"235","23B",32,528771.16,4966905.32,156.72,14834,3.7,51.1,6.17
"236"," 24",11,529003.07,4966730.62,110.58,7306,4.2,29.9,4.08
"237"," 24",12,529036.78,4966789.98,142.03,4622,5.9,31.6,3.78
"238"," 24",21,529068.96,4966645.38,103.71,6543,3.9,25.1,4.78
"239"," 24",22,529109.02,4966715.55,133.94,7193,4.7,30.6,7.25
"240"," 24",23,529147.74,4966784.26,115.02,15250,3,30.5,4.7
"241"," 24",24,529187.09,4966853.76,135.99,7454,4.6,31,4.65
"242"," 24",31,529166.3,4966613.83,149.85,2705,6.6,32.3,5.94
"243"," 24",32,529204.23,4966682.65,113.37,5088,4.8,25.6,5.29
"244"," 24",33,529245.79,4966752.05,163.57,1378,8.1,33.6,4.49
"245"," 24",41,529242.22,4966547.3,95.85,3651,4.9,23.7,4.56
"246"," 24",42,529277.32,4966614.56,134.87,5218,5.3,32.2,4.4
"247"," 24",43,529321.71,4966686.86,115.1,2691,6.4,25,4.23
"248"," 24",44,529361.08,4966752.8,NA,NA,NA,NA,NA
"249"," 25",11,528675.16,4966797.13,128.65,5567,4.9,27.5,5.79
"250"," 25",12,528647.27,4966743.46,171.47,5623,5,32.8,5.2
"251"," 25",13,528617.95,4966691.23,68.75,2443,5.2,15.3,2.54
"252"," 25",14,528597.88,4966657.6,47.64,2739,4.3,13.2,1.95
"253"," 25",21,528598.57,4966820.01,93.42,3099,5.4,18.7,5.41
"254"," 25",22,528559.93,4966749.18,80.06,4361,4,18.5,4.87
"255"," 25",23,528519.15,4966679.8,73.78,4569,4,17.9,7.25
"256"," 25",24,528499.07,4966646.83,140.93,6008,4.5,31.1,4.59
"257"," 25",31,528563.48,4966840.85,86.46,6005,3.8,20.3,4.25
"258"," 25",32,528542.78,4966804.98,83.89,3275,5,17.6,4.68
"259"," 25",33,528514.81,4966751.32,108.85,3920,5.3,22.9,6.91
"260"," 25",34,528484.77,4966699.75,122.4,5739,4.1,26.6,6.47
"261"," 25",41,528518.43,4966842.98,82.15,3517,4.9,19.1,3.3
"262"," 25",42,528498.36,4966807.23,108.26,2043,6,23.6,3.93
"263"," 25",43,528470.46,4966754.23,114.95,6363,4,25.8,6.21
"264"," 25",44,528441.77,4966703.34,92.93,5986,4,22.5,7.5
"265"," 25",51,528469.69,4966874.53,74.23,2375,5.1,16.3,4.33
"266"," 25",52,528441.8,4966822.2,143.98,5162,4.9,25.1,5.79
"267"," 25",53,528411.77,4966769.19,130.29,2978,5.7,25.3,6.97
"268"," 25",54,528391.69,4966734.11,141.02,5599,4.3,26.1,5.97
"269"," 25",61,528410.34,4966931.04,121.21,2800,5.6,22.5,5.26
"270"," 25",62,528391.69,4966895.18,173.49,1066,9.1,29.1,4.99
"271"," 25",63,528343.71,4966809.32,106.94,6266,3.9,24.7,6.8
"272"," 25",64,528313.68,4966757.09,95.63,4720,4.4,23.2,5.21
"273"," 25",71,528361.59,4966984.03,115.75,6460,3.7,23.7,5.82
"274"," 25",72,528254.98,4966791.38,117.25,6969,4,28.2,7.08
"275"," 25",81,528214.89,4966886.63,112.96,6867,3.7,26.2,4.2
"276"," 25",82,528186.22,4966830.07,NA,NA,NA,NA,NA
"277"," 25",91,528135.39,4966907.39,NA,NA,NA,NA,NA
"278"," 25",92,528107.5,4966852.94,NA,NA,NA,NA,NA
"279"," 26",11,528766.09,4966749.22,NA,NA,NA,NA,NA
"280"," 26",12,528725.32,4966677.61,NA,NA,NA,NA,NA
"281"," 26",13,528683.04,4966608.21,NA,NA,NA,NA,NA
"282"," 26",14,528664.47,4966573.02,NA,NA,NA,NA,NA
"283"," 26",21,528826.96,4966689.72,NA,NA,NA,NA,NA
"284"," 26",22,528804.75,4966657.52,NA,NA,NA,NA,NA
"285"," 26",23,528775.43,4966604.62,NA,NA,NA,NA,NA
"286"," 26",24,528733.16,4966533.67,NA,NA,NA,NA,NA
"287"," 26",31,528875.66,4966615.29,NA,NA,NA,NA,NA
"288"," 26",32,528844.12,4966563.72,NA,NA,NA,NA,NA
"289"," 26",33,528824.85,4966527.97,NA,NA,NA,NA,NA
"290"," 26",34,528784.7,4966459.25,NA,NA,NA,NA,NA
"291"," 26",42,528880.64,4966544.44,NA,NA,NA,NA,NA
"292"," 26",43,528845.61,4966479.97,NA,NA,NA,NA,NA
"293"," 26",44,528819.79,4966440.64,NA,NA,NA,NA,NA
"294"," 26",51,528946.56,4966575.95,NA,NA,NA,NA,NA
"295"," 26",52,528927.2,4966540.1,NA,NA,NA,NA,NA
"296"," 26",53,528905.7,4966507.23,NA,NA,NA,NA,NA
"297"," 26",61,529048.19,4966590.3,NA,NA,NA,NA,NA
"298"," 26",62,528997.39,4966500.76,NA,NA,NA,NA,NA
"299"," 26",63,528975.18,4966467.11,NA,NA,NA,NA,NA
"300"," 26",64,528955.83,4966430.58,NA,NA,NA,NA,NA
"301"," 27",11,530378.47,4965690.43,124.92,8618,3.4,28.7,3.7
"302"," 27",12,530414.85,4965670.05,117.18,22570,2.2,36.9,4.93
"303"," 27",13,530450.03,4965649.78,147.51,6444,5,31.9,4.28
"304"," 27",14,530487.68,4965627.52,116.61,7499,4.2,27.2,3.97
"305"," 27",21,530382.37,4965736.22,83.6,7279,3.5,19.6,5.31
"306"," 27",22,530437.92,4965705.04,102.01,4333,5,22.8,3.15
"307"," 27",23,530473.57,4965686.77,122.18,7133,4.3,29.4,3.31
"308"," 27",24,530523.43,4965654.24,134.96,17289,2.7,39.9,3.26
"309"," 27",31,530449.25,4965815.07,134.35,7872,4.4,34.1,3.65
"310"," 27",32,530484.13,4965792.47,92.56,11633,2.9,23.3,5.77
"311"," 27",33,530519.87,4965770.64,139.47,9990,3.7,32,5.12
"312"," 27",34,530573.13,4965739.9,112.78,16715,2.1,26.7,6.05
"313"," 27",41,530463.89,4965876.57,114.85,6447,4.4,29.1,5.27
"314"," 27",42,530499.39,4965857.08,95.46,10410,3.1,24.2,4.98
"315"," 27",43,530567.71,4965815.86,93.65,9031,3,24.2,3.41
"316"," 27",51,530480.42,4965907.65,80.08,13533,2.5,22,3.72
"317"," 27",52,530516.16,4965887.6,126.54,12105,3.3,29.4,4.98
"318"," 27",53,530571.86,4965857.65,108.68,2188,6.7,23.5,3.84
"319"," 27",54,530626.45,4965827.91,153.17,9913,3.8,32.6,3.76
"320"," 27",61,530502.76,4965946.41,120.56,10316,3.3,29.7,3.11
"321"," 27",62,530556.01,4965915.67,82.84,12957,2.6,22.3,4.03
"322"," 27",63,530592.86,4965895.41,123.84,14052,2.9,31.7,4.15
"323"," 27",64,530647.7,4965863.45,109.21,7687,3.9,27.8,4.25
"324"," 28",11,530794.42,4966446.58,142.41,14187,3.3,34.2,4.39
"325"," 28",12,530832.05,4966427.43,125.21,7873,4.1,32,4.39
"326"," 28",21,530754.84,4966379.63,123.43,12613,3.2,30.8,5.85
"327"," 28",22,530806.74,4966350.33,116.74,6790,4.3,27.8,3.69
"328"," 28",31,530734.77,4966344.65,169.14,1989,7.8,35.6,3.82
"329"," 28",32,530787.32,4966313.13,199.11,5454,5.5,40.5,4.12
"330"," 28",41,530711.55,4966259.56,123.62,11279,3.4,29,5.46
"331"," 28",42,530746.17,4966242.84,119.46,8209,3.7,26.8,3.62
"332"," 28",43,530781.43,4966222.35,95.51,4185,4.8,22.8,2.82
"333"," 28",51,530707.01,4966218.77,154.93,3329,6.4,35,3.84
"334"," 28",52,530741.95,4966199.27,131.83,10196,3.7,29,5.59
"335"," 28",53,530777.47,4966174.78,137.71,6132,4.7,29.8,5.26
"336"," 28",61,530642.68,4966185.47,129.15,3589,5.9,33.2,3.32
"337"," 28",62,530694.43,4966154.83,106.74,9408,3.6,25.7,4.49
"338"," 28",63,530730.33,4966133.9,112.04,8128,3.8,25.3,4.06
"339"," 28",64,530763.61,4966114.4,83.6,8559,3.2,23.2,3.65
"340"," 28",71,530760.84,4966066.73,NA,NA,NA,NA,NA
"341"," 28",72,530795.38,4966048.34,106.61,11398,3.1,28.1,4.87
"342"," 28",81,530745.83,4966031.77,140.82,1083,7.9,30.7,2.75
"343"," 28",82,530780.78,4966012.28,173.94,7312,5.2,38.1,4.08
"344","29A",11,530731.84,4965851.19,NA,NA,NA,NA,NA
"345","29A",12,530752.85,4965887.73,NA,NA,NA,NA,NA
"346","29A",13,530772.6,4965921.37,NA,NA,NA,NA,NA
"347","29A",21,530775.79,4965849.18,NA,NA,NA,NA,NA
"348","29A",22,530795.7,4965884.05,NA,NA,NA,NA,NA
"349","29A",23,530817.43,4965916.7,NA,NA,NA,NA,NA
"350","29A",24,530837.96,4965953.12,NA,NA,NA,NA,NA
"351","29A",33,530858.12,4965869.68,NA,NA,NA,NA,NA
"352","29A",34,530879.36,4965905.66,NA,NA,NA,NA,NA
"353","29A",35,530899.9,4965940.31,NA,NA,NA,NA,NA
"354","29A",43,530914.72,4965882.28,NA,NA,NA,NA,NA
"355","29A",54,530967.05,4965895.64,NA,NA,NA,NA,NA
"356","29B",31,530818.07,4965800.95,NA,NA,NA,NA,NA
"357","29B",32,530837.28,4965832.7,NA,NA,NA,NA,NA
"358","29B",41,530842.6,4965761.08,NA,NA,NA,NA,NA
"359","29B",42,530892.44,4965849.41,NA,NA,NA,NA,NA
"360","29B",51,530885.93,4965755.95,NA,NA,NA,NA,NA
"361","29B",52,530915.94,4965811.08,NA,NA,NA,NA,NA
"362","29B",53,530936.64,4965845.06,NA,NA,NA,NA,NA
"363","29B",61,530928.52,4965708.39,NA,NA,NA,NA,NA
"364","  3",23,529349.35,4968209.87,79.95,823,6.8,15.5,1.07
"365","  3",31,529451.36,4968000.27,96.26,1328,7.4,19.7,1.34
"366","  3",32,529378.51,4968071.15,105.67,1215,6.7,20.9,2.02
"367","  3",33,529308.29,4968138.14,132.24,1029,8.6,23.9,2.71
"368","  3",41,529406.03,4967926.97,88.27,2606,6.8,18.7,1.86
"369","  3",42,529335.41,4967994.97,110.97,1245,8,22.9,0.68
"370","  3",43,529265.09,4968065.52,156.76,1836,8.7,28.2,2.1
"371","  3",44,529191.84,4968137.39,115.36,520,9.1,20.9,2.17
"372","  3",51,529281.17,4967882.19,96.9,549,8.4,19.3,1.68
"373","  3",52,529207.92,4967954.06,121.45,606,8.6,25,1.7
"374","  3",53,529121.52,4968035.65,163.58,1554,7.7,29.8,2.94
"375","  3",61,529251.23,4967796.51,114.2,924,7.8,23.1,1.49
"376","  3",62,529180.6,4967864.51,130.6,858,8.5,26.4,0.97
"377","  3",63,529109.26,4967934.62,213.37,735,10,39,3.7
"378","  3",71,529209.85,4967722.23,119.11,639,8.7,21.4,2.34
"379","  3",72,529136.98,4967796.55,177.32,886,9,33.6,2.55
"380","  3",73,529066.76,4967863.55,225.19,1120,9.6,41.4,3.01
"381","  3",81,529083.47,4967732.32,136.67,558,9.5,25.9,1.57
"382","  3",82,529008.8,4967804.86,222.71,999,9,44.5,5.14
"383","  3",91,528967.1,4967731.68,162.17,880,9,31,2.97
"384"," 30",11,530688.85,4965736.57,187.28,22049,3.2,53.7,8.43
"385"," 30",12,530667.43,4965702.92,142.17,9633,4.3,36,5.52
"386"," 30",13,530646.11,4965667.04,126.07,7507,4.7,32.6,3.83
"387"," 30",21,530735.01,4965733.79,150.97,5696,5.5,38.3,3.46
"388"," 30",22,530701.99,4965681.64,186.23,10956,4.5,49.3,4.79
"389"," 30",31,530768.62,4965713.84,94.56,8411,3.7,28.1,1.12
"390"," 30",32,530735.21,4965659.25,163,2519,6.8,37.8,2.54
"391"," 30",41,530820.54,4965681.65,210.51,25752,3.2,66.4,7.06
"392"," 30",42,530785.94,4965628.94,141.24,7692,4.5,36,4.55
"393"," 30",51,530845.37,4965644.78,124.22,7998,4.4,31.9,2.73
"394"," 30",52,530822.79,4965607.9,163.12,21446,2.9,47.8,4.05
"395"," 30",61,530879.62,4965622.84,171.69,10626,4.5,47.6,4.5
"396"," 30",71,530901.13,4965553.18,154.97,8054,4.9,41.7,2.26
"397"," 30",72,530921.88,4965495.96,191.47,12733,4.5,51.6,3.85
"398"," 30",73,530933.6,4965458.91,126.49,5601,5.1,32.4,2.7
"399"," 30",74,530946.58,4965421.76,156.44,17513,3.3,43.9,5.3
"400"," 30",75,530959.33,4965383.39,152.92,11387,4.1,45.7,4.14
"401"," 30",81,530988.61,4965457.07,156.28,9855,4.3,38.3,4.68
"402"," 30",82,531000.19,4965417.13,134.81,5879,5,34,1.73
"403"," 30",83,531013.33,4965379.43,149.49,2502,6.8,35,2.36
"404"," 31",11,530575.26,4964959.31,NA,NA,NA,NA,NA
"405"," 31",12,530578.16,4964999.2,NA,NA,NA,NA,NA
"406"," 31",13,530580.95,4965042.54,121.15,374,10.3,22.6,8.15
"407"," 31",14,530581.55,4965083.53,NA,NA,NA,NA,NA
"408"," 31",21,530617.47,4964958.73,NA,NA,NA,NA,NA
"409"," 31",22,530619.71,4965019.73,NA,NA,NA,NA,NA
"410"," 31",31,530656.76,4964957.58,NA,NA,NA,NA,NA
"411"," 31",32,530657.36,4964998.58,NA,NA,NA,NA,NA
"412"," 31",41,530696.06,4964955.33,NA,NA,NA,NA,NA
"413"," 31",51,530717.2,4965013.97,NA,NA,NA,NA,NA
"414"," 31",61,530676.12,4965058.99,NA,NA,NA,NA,NA
"415"," 31",71,530720.03,4965098.41,70.27,371,8.2,14.6,5.41
"416"," 31",72,530679.57,4965098.33,NA,NA,NA,NA,NA
"417"," 31",81,530702.9,4965143.98,165.6,499,10.7,31.5,2.02
"418"," 31",82,530663.61,4965145.69,NA,NA,NA,NA,NA
"419"," 31",83,530624.31,4965149.61,NA,NA,NA,NA,NA
"420"," 31",91,530705.18,4965196.98,NA,NA,NA,NA,NA
"421"," 31",92,530664.78,4965198.68,NA,NA,NA,NA,NA
"422"," 31",93,530625.95,4965203.83,NA,NA,NA,NA,NA
"423"," 31",94,530583.81,4965205.51,NA,NA,NA,NA,NA
"444","  4",11,529433.38,4966820.78,90.4,2564,5.4,20.1,4.14
"445","  4",14,529223.61,4966938.91,76.3,8617,2.8,23,4.9
"446","  4",21,529474.85,4966910.95,111.63,3420,4.4,22.3,4.89
"447","  4",22,529377.56,4966967.49,104.23,3643,4.7,23.8,5.31
"448","  4",23,529322.35,4966995.46,65.97,8084,2.5,17.8,6.07
"449","  4",24,529260.79,4967031.95,92.81,9586,2.8,26.4,5.15
"450","  4",31,529494.92,4967013.36,97.17,4467,4,20.4,5.37
"451","  4",32,529415.45,4967059.87,63.01,6460,2.6,17.1,4.25
"452","  4",33,529363.17,4967089.29,76.22,4984,3.5,19.6,3.76
"453","  4",41,529562.19,4967093.54,60.35,2610,4.5,14.2,3.39
"454","  4",42,529489.94,4967133.64,81.5,8967,2.6,21.5,4.81
"455","  4",43,529419.05,4967172.97,65.03,8250,2.5,19.5,6.32
"456","  4",44,529358.21,4967207.35,59.35,9860,2.2,17.9,4.09
"457"," 50",11,529301.58,4966440.71,NA,NA,NA,NA,NA
"458"," 50",12,529261.66,4966374.65,NA,NA,NA,NA,NA
"459"," 50",13,529220.08,4966308.48,NA,NA,NA,NA,NA
"460"," 50",21,529489.07,4966360.92,NA,NA,NA,NA,NA
"461"," 50",22,529448.05,4966292.52,NA,NA,NA,NA,NA
"462"," 50",23,529410.42,4966228.14,NA,NA,NA,NA,NA
"463"," 50",31,529668.04,4966261.21,NA,NA,NA,NA,NA
"464"," 50",32,529627.01,4966196.25,NA,NA,NA,NA,NA
"466"," 50",41,529841.24,4966163.03,NA,NA,NA,NA,NA
"467"," 50",42,529801.38,4966101.53,NA,NA,NA,NA,NA
"468"," 50",43,529762.02,4966035.36,NA,NA,NA,NA,NA
"469"," 50",44,529718.71,4965968.06,NA,NA,NA,NA,NA
"470"," 51",11,530006.17,4966043.94,NA,NA,NA,NA,NA
"471"," 51",12,529966.53,4965969.32,NA,NA,NA,NA,NA
"472"," 51",13,529929.81,4965896.5,NA,NA,NA,NA,NA
"473"," 51",14,529892.12,4965827.12,NA,NA,NA,NA,NA
"474"," 51",15,529854.53,4965752.52,NA,NA,NA,NA,NA
"475"," 51",21,530178.29,4965942.32,NA,NA,NA,NA,NA
"476"," 51",22,530139.13,4965867.38,NA,NA,NA,NA,NA
"477"," 51",31,530363.29,4965858.88,NA,NA,NA,NA,NA
"478"," 51",33,530287.93,4965718.67,NA,NA,NA,NA,NA
"479"," 51",34,530248.45,4965643.16,NA,NA,NA,NA,NA
"480"," 52",11,529108.09,4966536.81,NA,NA,NA,NA,NA
"481"," 52",12,529048.08,4966439.22,NA,NA,NA,NA,NA
"482"," 52",13,529007.45,4966372.72,NA,NA,NA,NA,NA
"483"," 52",14,528987.45,4966340.64,NA,NA,NA,NA,NA
"484"," 52",21,529139.39,4966449.19,NA,NA,NA,NA,NA
"485"," 52",22,529119.78,4966416.44,NA,NA,NA,NA,NA
"486"," 52",23,529099.78,4966384.13,NA,NA,NA,NA,NA
"487"," 52",24,529069.5,4966334.45,NA,NA,NA,NA,NA
"488"," 52",31,529163.57,4966413.42,NA,NA,NA,NA,NA
"489"," 52",32,529143.57,4966381.67,NA,NA,NA,NA,NA
"490"," 52",33,529112.89,4966332.09,NA,NA,NA,NA,NA
"516","  6",11,529703.81,4967136.96,44.9,7133,2.5,12.1,2.14
"517","  6",12,529631.88,4967178.84,49.58,6299,3.1,12.6,2.14
"518","  6",13,529560.1,4967219.72,30.33,3016,2.8,7.6,0.1
"519","  6",14,529496.27,4967234.2,24.33,1300,3.8,6.1,0.48
"520","  6",15,529426.12,4967318.53,89.84,14887,2.8,31.3,4.65
"521","  6",21,529749.64,4967221.6,88.87,2384,7,15.9,2.11
"522","  6",22,529678.34,4967263.04,42.32,11657,2.2,14.1,2.75
"523","  6",23,529609.1,4967303.6,49.9,322,10,8.9,0.63
"524","  6",24,529535.15,4967301.48,67.99,14321,2,18.9,3.58
"525","  6",25,529444.29,4967352.72,NA,NA,NA,NA,NA
"526","  6",31,529833.26,4967284.75,82.57,7015,2.8,18.7,2.13
"527","  6",32,529762.68,4967324.75,91.6,6864,3.6,20.7,3.33
"528","  6",33,529692.88,4967365.86,74.72,12184,1.9,18,3.51
"529","  6",41,529848.35,4967388.13,89.76,1373,7.5,16.1,2.36
"530","  6",42,529776.88,4967430.46,80.98,1670,7.9,15.4,1.66
"531","  6",43,529706.22,4967470.45,78.27,9100,3.1,22,4.83
"532","  6",51,529911.29,4967462.07,87.03,4939,3.3,16.8,2.98
"533","  6",52,529844.01,4967503.86,75.36,4173,4.6,19.4,2.38
"534","  6",53,529771.77,4967544.19,89.89,7086,4,21.7,3.6
"535","  6",61,529944.19,4967556.76,80.74,13884,1.3,19.1,2.5
"536","  6",71,529992.31,4967639.64,91.73,7870,3.4,23.6,3.35
"537"," 7A",11,528962.97,4967648.35,36.26,623,5.5,9.8,5.11
"538"," 7A",13,528954.4,4967587.21,39.12,562,5.8,10.2,5.09
"539"," 7A",16,529008.01,4967648.11,25.1,451,5.4,6.8,3.96
"540"," 7A",18,529009,4967603.35,18.38,353,5.5,5.7,3.44
"541"," 7A",2,528809.79,4967664.66,19.65,365,5.5,5.8,3.45
"542"," 7A",22,529065.13,4967665.03,51.77,835,5.6,13.4,4.78
"543"," 7A",23,529024.98,4967546.76,5.93,133,5.2,1.9,1.21
"544"," 7A",28,529108.35,4967664.23,24.26,391,5.5,6.2,3.42
"545"," 7A",29,529051.3,4967508.78,13.08,255,5.4,3.8,2.56
"546"," 7A",30,529071.05,4967544.75,28.29,523,5.5,8.1,5.55
"547"," 7A",31,529123.61,4967609.53,23.56,403,5.6,6.7,3.47
"548"," 7A",37,529160.13,4967587.7,47.49,917,5.5,14.1,6.51
"549"," 7A",38,529160.19,4967541.6,49.94,736,5.9,13.4,5.21
"550"," 7A",4,528846.09,4967691.26,9.21,194,5.2,2.7,2.06
"551"," 7A",41,529186.82,4967504.4,51.85,879,5.6,14.8,6.95
"552"," 7A",42,529185.3,4967455.84,55.78,894,5.8,15.8,6.51
"553"," 7A",46,529256.84,4967465.39,44.06,711,5.7,12.1,4.69
"554"," 7A",48,529255.84,4967372.52,21.52,379,5.5,6,2.37
"555"," 7A",50,529292,4967397.45,11.63,266,5.2,3.7,2.72
"556"," 7A",7,528873.8,4967606.96,60.91,944,5.7,15.9,6.56
"557"," 7A",9,528923.44,4967620.96,60.7,858,5.8,15.5,5.72
"558"," 7B",51,529274.05,4967590.77,23.27,449,5.3,6.6,2.95
"559"," 7B",52,529318.8,4967548.32,20.81,360,5.6,6,3.82
"560"," 7B",53,529242.43,4967645.51,10.56,203,5.3,2.9,2.24
"561"," 7B",57,529254.64,4967688.22,20.12,336,5.6,5.4,3.23
"562"," 7B",60,529358.38,4967618.38,10.56,260,5,3.4,2.66
"563"," 7B",61,529313.89,4967690.05,15.7,265,5.5,4.2,2.16
"564"," 7B",64,529358.51,4967676.03,5.98,130,5.3,1.9,1.4
"565"," 7B",65,529313.39,4967746.25,6.55,119,5.5,1.9,1.27
"566"," 7B",69,529418.08,4967676.75,20.02,428,5.3,6.2,4.58
"567"," 7B",70,529357.1,4967759.78,5.88,143,4.9,1.8,1.14
"568"," 7B",72,529430.53,4967719.02,16.04,255,5.6,4.1,1.75
"569"," 7B",73,529371.03,4967805.5,25.62,399,5.8,7.2,3.63
"570"," 7B",76,529430.02,4967778.11,20.87,349,5.5,5.6,3.19
"571"," 7B",80,529489.79,4967750.39,18.01,350,5.3,5.1,2.81
"572"," 7B",82,529428.34,4967834.43,17.41,276,5.8,5,3.16
"573"," 7B",85,529457.83,4967863.67,23.36,459,5.3,6.6,3.36
"574"," 7B",90,529515.44,4967893.37,9.12,204,5.2,2.8,1.7
"575"," 7B",92,529488.11,4967944.57,7.75,156,5.3,2.3,1.56
"576"," 7B",94,529562.93,4967876.37,16.37,290,5.4,4.4,2.38
"577"," 7B",97,529541.18,4967950.25,9.29,156,5.5,2.5,1.68
"578"," 7B",98,529587.81,4967910.26,22.79,454,5.2,6.4,4.56
"579"," 7B",99,529571.02,4967953.5,23.33,445,5.3,6.3,3.86
"580","  8",11,529762.02,4967091.02,70.62,13312,2.1,23.6,6.15
"581","  8",12,529840.49,4967054.94,42.51,7057,2.1,13,3.54
"582","  8",13,529918.71,4967022.65,107.54,8241,3.4,28.5,5.71
"583","  8",14,529989.5,4966990.43,89.09,8853,2.9,25.3,5.36
"584","  8",21,529854.85,4967162.65,65.4,8797,2.2,17.4,4.77
"585","  8",22,529931.56,4967129.91,97.67,7491,3.3,26.3,5.01
"586","  8",23,530004.02,4967094.37,71.05,10927,2.1,19.4,4.2
"587","  8",31,529906.35,4967250.99,69.55,11982,1.9,18.6,4.41
"588","  8",32,529983.06,4967218.24,73.2,9877,2.6,23.9,5.39
"589","  8",33,530059.15,4967184.49,63.52,19431,1.6,23.3,7.18
"590","  8",41,529920.45,4967361.25,51.54,6743,2.4,13.8,4.92
"591","  8",42,529995.44,4967325.61,89.03,14154,2.2,26.1,4.23
"592","  8",43,530075,4967291.54,100.15,9025,3.1,28.6,6
"593","  8",44,530147.14,4967257.33,74.36,9107,2.6,21.8,4.35
"594","  8",51,529991.88,4967444.57,90.53,10904,2.6,25.8,4.68
"595","  8",52,530070.27,4967408.61,75.32,7757,2.8,20.8,4.94
"596","  8",53,530144.31,4967373.41,71.28,9644,2.3,21.1,5.94
"597","  8",61,530064.66,4967526.11,71.72,10008,2.5,22.8,4.83
"598","  8",62,530133,4967493.77,73.33,7124,3,21,3.85
"599","  8",71,530096.74,4967626.35,61.3,7813,2.4,19.1,5.89
"600","  8",72,530172.76,4967590.27,70.44,9487,2.4,22.4,4.16
"601","  9",11,529720.47,4966576.16,149.08,1952,7.8,28.8,3.96
"602","  9",13,529639.34,4966435.26,150.65,4966,5.5,31.2,3.66
"603","  9",14,529600.71,4966363.21,140,1284,8.7,25.1,3.55
"604","  9",21,529622.03,4966607.25,151.5,5769,5.2,31.3,4.37
"605","  9",22,529571.46,4966520.48,74.97,642,8.1,15.3,1.9
"606","  9",23,529533,4966447.99,115.29,3941,5.4,24.9,4.2
"607","  9",31,529546.02,4966674.66,120.49,5374,4.8,26.8,4.95
"608","  9",32,529495.53,4966587.9,126.01,1223,6.9,27.1,4.05
"609","  9",33,529454.84,4966517.72,73.56,1902,5.7,16.2,3.94
"610","  9",34,529414.32,4966445.67,119.3,2013,6.1,23.4,3.55
"611","  9",41,529443.03,4966698.96,189.7,1939,8.1,34.9,4.12
"612","  9",43,529376.62,4966584.24,105.83,6659,4.2,26.5,4.27
"613","  9",44,529334.51,4966514.84,147.65,827,10,26.9,3.25
"614"," 90",11,529764.8,4966594.92,120.59,3199,6.3,25.5,2.66
"615"," 90",12,529825.7,4966701.84,127.45,10388,3.6,29,3.61
"616"," 90",21,529755.92,4966651.97,100.94,5054,4.6,22.4,4.55
"617"," 90",31,529776.92,4966775.04,85.43,8699,3.4,24.2,2.81
"618"," 90",51,529656.16,4966728.38,171.65,1678,8.6,32.8,3.51
"619"," 91",11,529627.37,4966769.46,116.9,2169,6.7,24.7,3.95
"620"," 91",21,529615.16,4966828.17,95.97,1338,6.6,21.3,5.53
"621"," 91",31,529559.21,4966812.7,140.86,1695,7.6,28.9,5.66
"622"," 91",41,529521.51,4966833.18,82.21,1737,6.5,18.3,3.34
"623"," 91",42,529544.81,4966869.73,108.37,1221,7.7,22.1,3.07
"624"," 91",51,529446.69,4966778.85,212.42,1710,7.9,43.1,5.15
"625"," 92",11,529725.96,4966943.99,78.26,5774,4.1,20.9,4.47
"626"," 92",21,529732.58,4967033.78,57.96,4960,3.6,16.9,2.47
"627"," 92",22,529653.41,4966896.33,66.6,1912,5.6,15.9,3.42
"628"," 92",31,529695.51,4967054.27,53.58,1806,5.5,13,3.29
"629"," 92",32,529636.72,4966951.25,95.51,2016,6.7,20.6,3.74
"630"," 92",51,529589.06,4967023.23,71.08,5375,3.9,19.7,3.21
"631","93A",11,529930.99,4966914.62,192.24,1854,7.1,36.2,3.58
"632","93A",12,529871.12,4966806.59,176.9,3381,6.3,37.5,3.49
"633","93B",11,529851.73,4966914.69,145.29,9258,4,39.6,3.71
"634","93B",12,529812.39,4966844.3,110.65,6214,4.3,33.7,4.25
"635","93C",11,529816.27,4966980.07,91.73,5946,4.4,24.4,3.45
"636","93C",12,529754.27,4966872.36,128.63,21010,2.5,40,20.17
